{"Num parameters": 44660, "Performance/epoch": 1600, "Performance/Training accuracy": 1.0, "Performance/Training loss": 0.0041978261433541775, "epoch_time": 2.946570873260498, "Performance/Validation accuracy": {"max": 1.0}, "Performance/Validation loss": 0.29229483008384705, "learning rate": 0.0, "_timestamp": 1727359532.1016378, "_runtime": 6270.057587862015, "_step": 1600, "Performance/Test accuracy": 0.8210526704788208, "Performance/Test loss": 0.5520409345626831, "_wandb": {"runtime": 6269}}