{
    "Performance/Validation accuracy": 0.7820923924446106,
    "Performance/Validation loss": 1.2360820770263672
}