{"Num parameters": 727518, "Performance/epoch": 200, "Performance/Training accuracy": 0.9968430995941162, "Performance/Training loss": 0.013177933171391487, "epoch_time": 114.24129343032837, "Performance/Validation accuracy": {"max": 0.7820923924446106}, "Performance/Validation loss": 1.2706518173217773, "learning rate": 0.0, "_timestamp": 1732125510.1648011, "_runtime": 25191.8768222332, "_step": 200, "Performance/Test accuracy": 0.7788212895393372, "Performance/Test loss": 1.2355562448501587, "_wandb": {"runtime": 25191}}