{
    "Performance/Validation accuracy": 0.6508605480194092,
    "Performance/Validation loss": 0.6255030632019043
}