{"Num parameters": 91568, "Performance/epoch": 200, "Performance/Training accuracy": 0.7099562883377075, "Performance/Training loss": 0.5330032110214233, "epoch_time": 98.83593249320984, "Performance/Validation accuracy": {"max": 0.6508605480194092}, "Performance/Validation loss": 0.6586260199546814, "learning rate": 0.0, "_timestamp": 1727857693.3525174, "_runtime": 21827.216326475143, "_step": 200, "Performance/Test accuracy": 0.6452297568321228, "Performance/Test loss": 0.6257019639015198, "_wandb": {"runtime": 21829}}